name,level,cer,wer,loer,map_cer,gt_chars,gt_lines,pred_chars,len_ratio,tokens,passes,tokens_per_pass,T_enc,H_f,W_f,img_h,img_w,latency_s,peak_mem_MiB,truncated,stop_reason,failure,n_page_open,n_page_close,mean_top1_conf,forced_restarts,loer_timeout,edit_chars,nb_chars,edit_words,nb_words
test_0.jpeg,double_page,0.046890927624872576,0.1358695652173913,0.0,0.9666666666666665,981,42,968,0.9867482161060143,992,346,2.867052023121387,16555,55,301,1755,2401,1.7511180029250681,1875.26025390625,False,end_token,,2,2,0.9923730781301856,0,False,46,981,25,184
test_1.jpeg,double_page,0.06593406593406594,0.1724137931034483,0.23076923076923078,0.74,1001,41,973,0.972027972027972,989,321,3.0809968847352023,16555,55,301,1755,2401,1.6083213589154184,1875.26025390625,False,end_token,,2,2,0.9949800287146419,0,False,66,1001,30,174
test_2.jpeg,double_page,0.03779697624190065,0.14465408805031446,0.2608695652173913,0.914814814814815,926,39,924,0.9978401727861771,946,318,2.9748427672955975,16555,55,301,1755,2401,1.6405297238379717,1875.26025390625,False,end_token,,2,2,0.99344019947798,0,False,35,926,23,159
test_3.jpeg,double_page,0.038751345532831,0.15527950310559005,0.06382978723404255,0.9133333333333334,929,35,917,0.9870828848223897,951,319,2.981191222570533,16555,55,301,1755,2401,1.6445483383722603,1875.26025390625,False,end_token,,2,2,0.9948699657347927,0,False,36,929,25,161
test_4.jpeg,double_page,0.07736063708759955,0.14193548387096774,0.14545454545454545,0.8308390022675738,879,34,867,0.9863481228668942,913,300,3.0433333333333334,16555,55,301,1755,2401,1.550077245105058,1875.26025390625,False,end_token,,2,2,0.9934798230346688,0,False,68,879,22,155
test_5.jpeg,double_page,0.04383282364933741,0.19047619047619047,0.0,0.9590909090909091,981,40,995,1.0142711518858307,1017,347,2.930835734870317,16555,55,301,1755,2401,1.9820947810076177,1875.26025390625,False,end_token,,2,2,0.9939679613038385,0,False,43,981,32,168
test_6.jpeg,double_page,0.055613850996852045,0.15934065934065933,0.03571428571428571,0.781818181818182,953,39,945,0.9916054564533053,967,328,2.948170731707317,16445,55,299,1755,2385,2.469721564091742,1867.5478515625,False,end_token,,2,2,0.9923376294918119,0,False,53,953,29,182
test_7.jpeg,double_page,0.04430379746835443,0.1657754010695187,0.18181818181818182,0.6764705882352942,948,38,933,0.9841772151898734,961,312,3.0801282051282053,16445,55,299,1755,2385,1.5616638860665262,1866.9033203125,False,end_token,,2,2,0.9939174635663365,0,False,42,948,31,187
test_8.jpeg,double_page,0.041758241758241756,0.18128654970760233,0.0,0.9787878787878787,910,38,906,0.9956043956043956,928,309,3.0032362459546924,16445,55,299,1755,2385,1.535734027158469,1866.9033203125,False,end_token,,2,2,0.9939821338088348,0,False,38,910,31,171
test_9.jpeg,double_page,0.03807390817469205,0.14367816091954022,0.15151515151515152,0.9384615384615385,893,40,891,0.9977603583426652,921,293,3.143344709897611,16445,55,299,1755,2385,1.4741572248749435,1866.9033203125,False,end_token,,2,2,0.9923749676744791,0,False,34,893,25,174
test_10.jpeg,double_page,0.02004008016032064,0.08888888888888889,0.0,1.0,998,41,997,0.998997995991984,1019,338,3.014792899408284,16445,55,299,1755,2385,1.720437269192189,1866.9033203125,False,end_token,,2,2,0.9939784363745707,0,False,20,998,16,180
test_11.jpeg,double_page,0.04149377593360996,0.12849162011173185,0.0,0.9424242424242425,964,40,966,1.0020746887966805,988,340,2.9058823529411764,16445,55,299,1755,2385,2.0203630733303726,1866.9033203125,False,end_token,,2,2,0.9909067424202738,0,False,40,964,23,179
test_12.jpeg,double_page,0.0242024202420242,0.1393939393939394,0.0,0.986984126984127,909,34,908,0.9988998899889989,950,327,2.90519877675841,16445,55,299,1755,2385,1.9106125929392874,1866.9033203125,False,end_token,,2,2,0.9951937184835735,0,False,22,909,23,165
test_13.jpeg,double_page,0.027114967462039046,0.09941520467836257,0.0,0.9720833333333333,922,35,923,1.0010845986984815,963,319,3.018808777429467,16445,55,299,1755,2385,1.8733405312523246,1866.9033203125,False,end_token,,2,2,0.9942349280585628,0,False,25,922,17,171
test_14.jpeg,double_page,0.01990049751243781,0.11956521739130435,0.0,1.0,1005,42,1005,1.0,1021,344,2.9680232558139537,16445,55,299,1755,2385,2.0279682260006666,1866.9033203125,False,end_token,,2,2,0.994069890165656,0,False,20,1005,22,184
test_15.jpeg,double_page,0.02685284640171858,0.1393939393939394,0.0,0.925,931,43,931,1.0,947,287,3.299651567944251,16280,55,296,1755,2361,2.1510142260231078,1855.3349609375,False,end_token,,2,2,0.9933559967572737,0,False,25,931,23,165
test_16.jpeg,double_page,0.057569296375266525,0.1839080459770115,0.08823529411764706,0.7961538461538461,938,43,913,0.9733475479744137,937,321,2.9190031152647977,16280,55,296,1755,2361,1.8421520930714905,1854.52880859375,False,end_token,,2,2,0.9949944412441111,0,False,54,938,32,174
test_17.jpeg,double_page,0.01407035175879397,0.07738095238095238,0.0,1.0,995,44,996,1.0010050251256282,1024,329,3.1124620060790273,16280,55,296,1755,2361,1.7463069059886038,1854.52880859375,False,end_token,,2,2,0.9969884650199674,0,False,14,995,13,168
test_18.jpeg,double_page,0.02735562310030395,0.11173184357541899,0.0,0.990909090909091,987,40,987,1.0,1009,337,2.99406528189911,16280,55,296,1755,2361,1.8817314910702407,1854.52880859375,False,end_token,,2,2,0.9924140148699224,0,False,27,987,20,179
test_19.jpeg,double_page,0.013856812933025405,0.07407407407407407,0.0,0.9764705882352942,866,36,857,0.9896073903002309,891,290,3.0724137931034483,16280,55,296,1755,2361,1.6917546051554382,1854.52880859375,False,end_token,,2,2,0.9957023612176529,0,False,12,866,12,162
test_20.jpeg,double_page,0.024,0.10625,0.0,1.0,875,38,870,0.9942857142857143,900,299,3.0100334448160537,16280,55,296,1755,2361,1.7605107929557562,1854.52880859375,False,end_token,,2,2,0.994808406399356,0,False,21,875,17,160
test_21.jpeg,double_page,0.01452513966480447,0.06626506024096386,0.0,0.990909090909091,895,39,894,0.9988826815642458,916,265,3.456603773584906,16280,55,296,1755,2361,1.6146056707948446,1854.52880859375,False,end_token,,2,2,0.9965584789561392,0,False,13,895,11,166
test_22.jpeg,double_page,0.030333670374115267,0.12631578947368421,0.0,0.9714285714285714,989,40,988,0.9989888776541962,1016,333,3.051051051051051,16280,55,296,1755,2361,1.6624300819821656,1854.52880859375,False,end_token,,2,2,0.9926370484681111,0,False,30,989,24,190
test_23.jpeg,double_page,0.03170731707317073,0.1282051282051282,0.0,0.9733333333333333,820,34,824,1.0048780487804878,864,278,3.1079136690647484,16280,55,296,1755,2361,1.3973532770760357,1854.52880859375,False,end_token,,2,2,0.9940748361663686,0,False,26,820,20,156
