name,level,cer,wer,loer,map_cer,gt_chars,gt_lines,pred_chars,len_ratio,tokens,passes,tokens_per_pass,T_enc,H_f,W_f,img_h,img_w,latency_s,peak_mem_MiB,truncated,stop_reason,failure,n_page_open,n_page_close,mean_top1_conf,edit_chars,nb_chars,edit_words,nb_words
test_0.jpeg,page,0.03217821782178218,0.16,0.25,0.675,404,17,407,1.0074257425742574,419,114,3.675438596491228,8030,55,146,1755,1161,0.6732694413512945,1186.38916015625,False,end_token,,1,1,0.9891825288463038,13,404,12,75
test_1.jpeg,page,0.045,0.17105263157894737,0.0,0.9428571428571428,400,19,398,0.995,412,128,3.21875,8525,55,155,1755,1240,0.7625809609889984,1223.50244140625,False,end_token,,1,1,0.9865045621267801,18,400,13,76
test_2.jpeg,page,0.0774526678141136,0.17592592592592593,0.0,0.8800000000000001,581,24,563,0.9690189328743546,573,184,3.114130434782609,8030,55,146,1755,1161,1.0408621951937675,1186.38916015625,False,end_token,,1,1,0.9790462689770038,45,581,19,108
test_3.jpeg,page,0.030805687203791468,0.16901408450704225,0.0,1.0,422,19,427,1.0118483412322274,435,131,3.3206106870229006,8525,55,155,1755,1240,0.7879252140410244,1222.6142578125,False,end_token,,1,1,0.9823184389835117,13,422,12,71
test_4.jpeg,page,0.07426597582037997,0.2403846153846154,0.1875,0.7999999999999999,579,23,566,0.9775474956822107,576,177,3.2542372881355934,8030,55,146,1755,1161,1.039289380889386,1186.38916015625,False,end_token,,1,1,0.9842206357667843,43,579,25,104
test_5.jpeg,page,0.026066350710900472,0.10666666666666667,0.0,1.0,422,20,420,0.995260663507109,428,132,3.242424242424242,8525,55,155,1755,1240,0.7832291852682829,1223.50244140625,False,end_token,,1,1,0.9917636498391071,11,422,8,75
test_6.jpeg,page,0.06547619047619048,0.24705882352941178,0.46153846153846156,0.78,504,20,503,0.998015873015873,517,165,3.1333333333333333,8030,55,146,1755,1161,0.9457244477234781,1186.38916015625,False,end_token,,1,1,0.9802903548545948,33,504,21,85
test_7.jpeg,page,0.04329004329004329,0.08433734939759036,0.14285714285714285,0.85625,462,18,447,0.9675324675324676,461,137,3.3649635036496353,8525,55,155,1755,1240,0.8029908840544522,1223.50244140625,False,end_token,,1,1,0.9909033568458805,20,462,7,83
test_8.jpeg,page,0.032119914346895075,0.20253164556962025,0.0,0.99,467,18,469,1.0042826552462527,489,153,3.196078431372549,8030,55,146,1755,1161,0.8791487710550427,1186.38916015625,False,end_token,,1,1,0.9887140640695646,15,467,16,79
test_9.jpeg,page,0.020512820512820513,0.11267605633802817,0.0,0.96,390,15,391,1.0025641025641026,411,123,3.341463414634146,8525,55,155,1755,1240,0.7322185491211712,1223.50244140625,False,end_token,,1,1,0.9874184746521812,8,390,8,71
test_10.jpeg,page,0.08588957055214724,0.2,0.27586206896551724,0.7454545454545454,489,20,507,1.0368098159509203,535,168,3.1845238095238093,8030,55,146,1755,1161,0.9562278296798468,1186.38916015625,False,end_token,,1,1,0.9814824346069978,42,489,17,85
test_11.jpeg,page,0.04477611940298507,0.20253164556962025,0.0,0.9571428571428571,469,20,474,1.0106609808102345,488,156,3.128205128205128,8525,55,155,1755,1240,0.8920207680203021,1223.50244140625,False,end_token,,1,1,0.9814896604931745,21,469,16,79
test_12.jpeg,page,0.068359375,0.2222222222222222,0.0,0.9249999999999999,512,21,493,0.962890625,501,160,3.13125,8030,55,146,1755,1161,0.9059620699845254,1186.38916015625,False,end_token,,1,1,0.9880776358935648,35,512,20,90
test_13.jpeg,page,0.06222222222222222,0.24096385542168675,0.16666666666666666,0.7928571428571428,450,20,450,1.0,466,144,3.236111111111111,8525,55,155,1755,1240,0.862275050021708,1223.50244140625,False,end_token,,1,1,0.9838494556144584,28,450,20,83
test_14.jpeg,page,0.04771371769383698,0.19,0.0,1.0,503,20,508,1.0099403578528827,516,164,3.1463414634146343,7920,55,144,1755,1145,1.438194988295436,1178.35546875,False,end_token,,1,1,0.9829798916629119,24,503,19,100
test_15.jpeg,page,0.03303964757709251,0.2,0.0,0.9800000000000001,454,19,452,0.9955947136563876,472,154,3.064935064935065,8525,55,155,1755,1240,0.9210545090027153,1221.92919921875,False,end_token,,1,1,0.9848544626670369,15,454,18,90
test_16.jpeg,page,0.030364372469635626,0.15463917525773196,0.0,0.9857142857142858,494,20,494,1.0,507,150,3.38,7920,55,144,1755,1145,0.8883318570442498,1178.837890625,False,end_token,,1,1,0.984770984691981,15,494,15,97
test_17.jpeg,page,0.03023758099352052,0.15730337078651685,0.0,1.0,463,21,462,0.9978401727861771,470,153,3.0718954248366015,8470,55,154,1755,1228,1.3341224971227348,1215.572265625,False,end_token,,1,1,0.9861561816423497,14,463,14,89
test_18.jpeg,page,0.058165548098434,0.27710843373493976,0.0,0.9500000000000001,447,18,444,0.9932885906040269,458,144,3.1805555555555554,7975,55,145,1755,1157,1.2798434160649776,1184.8076171875,False,end_token,,1,1,0.9812691731614317,26,447,23,83
test_19.jpeg,page,0.019662921348314606,0.12857142857142856,0.0,1.0,356,18,357,1.002808988764045,369,100,3.69,8580,55,156,1755,1244,1.0512779648415744,1223.9013671875,False,end_token,,1,1,0.9853269485277212,7,356,9,70
test_20.jpeg,page,0.05027932960893855,0.1619047619047619,0.0,0.9357142857142858,537,23,533,0.9925512104283054,547,177,3.0903954802259888,7865,55,143,1755,1141,1.4421951239928603,1177.4453125,False,end_token,,1,1,0.9820029301878739,27,537,17,105
test_21.jpeg,page,0.03036876355748373,0.11904761904761904,0.0,0.9714285714285714,461,20,461,1.0,475,159,2.9874213836477987,8580,55,156,1755,1244,0.7706591510213912,1223.310546875,False,end_token,,1,1,0.9801081125987203,14,461,10,84
test_22.jpeg,page,0.024208566108007448,0.10309278350515463,0.0,1.0,537,22,535,0.9962756052141527,543,163,3.331288343558282,7865,55,143,1755,1141,0.7806033845990896,1176.8017578125,False,end_token,,1,1,0.9871738958095319,13,537,10,97
test_23.jpeg,page,0.03861788617886179,0.1511627906976744,0.0,1.0,492,22,492,1.0,500,155,3.225806451612903,8580,55,156,1755,1244,0.8181499759666622,1223.310546875,False,end_token,,1,1,0.984749814748764,19,492,13,86
test_24.jpeg,page,0.06991525423728813,0.23404255319148937,0.0,0.9,472,19,477,1.0105932203389831,491,166,2.9578313253012047,7865,55,143,1755,1141,0.9503278969787061,1176.8017578125,False,end_token,,1,1,0.976076261453376,33,472,22,94
test_25.jpeg,page,0.0319634703196347,0.1875,0.0,0.9575757575757575,438,17,438,1.0,460,145,3.1724137931034484,8470,55,154,1755,1232,0.841345526278019,1217.2841796875,False,end_token,,1,1,0.9797817661710407,14,438,15,80
test_26.jpeg,page,0.02335456475583864,0.11627906976744186,0.0,0.9800000000000001,471,18,469,0.9957537154989384,489,154,3.175324675324675,7975,55,145,1755,1153,0.9012086796574295,1182.47802734375,False,end_token,,1,1,0.9917084560072496,11,471,10,86
test_27.jpeg,page,0.03667481662591687,0.14285714285714285,0.0,0.99,409,18,406,0.9926650366748166,426,143,2.979020979020979,8415,55,153,1755,1224,1.3111091419123113,1213.8583984375,False,end_token,,1,1,0.9823918754645916,15,409,11,77
test_28.jpeg,page,0.021442495126705652,0.10526315789473684,0.0,0.9350000000000002,513,18,515,1.003898635477583,535,154,3.4740259740259742,8030,55,146,1755,1161,0.8867633081972599,1185.52978515625,False,end_token,,1,1,0.9869860142190879,11,513,10,95
test_29.jpeg,page,0.024175824175824177,0.11363636363636363,0.0,1.0,455,21,457,1.0043956043956044,465,152,3.0592105263157894,8415,55,153,1755,1224,0.8957676258869469,1215.13623046875,False,end_token,,1,1,0.982421508207116,11,455,10,88
test_30.jpeg,page,0.02727272727272727,0.14432989690721648,0.0,1.0,550,22,550,1.0,558,168,3.3214285714285716,8030,55,146,1755,1161,0.9869517041370273,1185.52978515625,False,end_token,,1,1,0.9847459070998708,15,550,14,97
test_31.jpeg,page,0.04194260485651214,0.189873417721519,0.0,1.0,453,21,455,1.0044150110375276,463,146,3.171232876712329,8415,55,153,1755,1224,0.871338055934757,1215.13623046875,False,end_token,,1,1,0.9887477956374314,19,453,15,79
test_32.jpeg,page,0.03138075313807531,0.12790697674418605,0.0,0.85,478,23,474,0.9916317991631799,482,126,3.8253968253968256,7865,55,143,1755,1137,0.7592880548909307,1173.47900390625,False,end_token,,1,1,0.9853625691406954,15,478,11,86
test_33.jpeg,page,0.03296703296703297,0.15294117647058825,0.0,1.0,455,23,456,1.0021978021978022,474,150,3.16,8360,55,152,1755,1216,1.3819573568180203,1209.25048828125,False,end_token,,1,1,0.9885523167089068,15,455,13,85
test_34.jpeg,page,0.037267080745341616,0.17777777777777778,0.0,1.0,483,21,480,0.9937888198757764,488,154,3.168831168831169,7920,55,144,1755,1145,0.9412187826819718,1177.06640625,False,end_token,,1,1,0.9885463343291986,18,483,16,90
test_35.jpeg,page,0.006329113924050633,0.0379746835443038,0.0,1.0,474,23,475,1.0021097046413503,495,146,3.3904109589041096,8360,55,152,1755,1216,0.888335898052901,1209.921875,False,end_token,,1,1,0.9909446340618712,3,474,3,79
test_36.jpeg,page,0.01727447216890595,0.1111111111111111,0.0,1.0,521,22,521,1.0,529,158,3.348101265822785,7920,55,144,1755,1145,0.9241954800672829,1177.06640625,False,end_token,,1,1,0.9884729926212072,9,521,10,90
test_37.jpeg,page,0.03837953091684435,0.16091954022988506,0.0,0.9714285714285714,469,20,470,1.0021321961620469,484,146,3.315068493150685,8360,55,152,1755,1216,0.8847835720516741,1209.9755859375,False,end_token,,1,1,0.9816184668870996,18,469,14,87
test_38.jpeg,page,0.032818532818532815,0.11827956989247312,0.0,1.0,518,21,518,1.0,526,165,3.187878787878788,7920,55,144,1755,1145,0.9708417779766023,1177.06640625,False,end_token,,1,1,0.982103279901548,17,518,11,93
test_39.jpeg,page,0.0665083135391924,0.13253012048192772,0.11538461538461539,0.905,421,18,436,1.03562945368171,458,153,2.9934640522875817,8360,55,152,1755,1216,0.9122766996733844,1209.9755859375,False,end_token,,1,1,0.985256659346897,28,421,11,83
test_40.jpeg,page,0.024719101123595506,0.1375,0.0,0.9857142857142858,445,19,441,0.9910112359550561,455,136,3.3455882352941178,7920,55,144,1755,1145,0.7983537861146033,1177.06640625,False,end_token,,1,1,0.9872947847450172,11,445,11,80
test_41.jpeg,page,0.05194805194805195,0.189873417721519,0.0,0.90625,462,21,461,0.9978354978354979,477,149,3.2013422818791946,8360,55,152,1755,1216,0.8844774384051561,1209.984375,False,end_token,,1,1,0.9834764940308824,24,462,15,79
test_42.jpeg,page,0.029055690072639227,0.10975609756097561,0.0,1.0,413,18,411,0.9951573849878934,425,134,3.171641791044776,7920,55,144,1755,1145,0.8198285149410367,1177.8876953125,False,end_token,,1,1,0.9867970646830166,12,413,9,82
test_43.jpeg,page,0.024390243902439025,0.0875,0.0,1.0,410,20,407,0.9926829268292683,415,110,3.772727272727273,8360,55,152,1755,1216,0.6899965950287879,1210.4052734375,False,end_token,,1,1,0.9877950151282621,10,410,7,80
test_44.jpeg,page,0.0288659793814433,0.10465116279069768,0.0,0.9857142857142858,485,20,485,1.0,499,149,3.348993288590604,7920,55,144,1755,1145,0.8699837820604444,1177.06640625,False,end_token,,1,1,0.9881914839715901,14,485,9,86
test_45.jpeg,page,0.02586206896551724,0.12087912087912088,0.0,0.9142857142857144,464,21,466,1.0043103448275863,480,144,3.3333333333333335,8360,55,152,1755,1216,0.8487073900178075,1209.5458984375,False,end_token,,1,1,0.9878408325215181,12,464,11,91
test_46.jpeg,page,0.05714285714285714,0.18,0.0,0.8928571428571429,525,20,525,1.0,539,175,3.08,7920,55,144,1755,1145,1.0004047402180731,1177.49609375,False,end_token,,1,1,0.9787939695679412,30,525,18,100
test_47.jpeg,page,0.05542725173210162,0.17045454545454544,0.0,0.8785714285714287,433,21,435,1.0046189376443417,450,146,3.0821917808219177,8360,55,152,1755,1216,0.86319390963763,1209.5458984375,False,end_token,,1,1,0.9801675132248137,24,433,15,88
test_48.jpeg,page,0.03875968992248062,0.14492753623188406,0.0,0.9326923076923077,387,14,386,0.9974160206718347,412,125,3.296,7920,55,144,1755,1145,0.7338368440978229,1177.49609375,False,end_token,,1,1,0.9891362139611568,15,387,10,69
test_49.jpeg,page,0.02203856749311295,0.1791044776119403,0.0,0.9550000000000001,363,15,366,1.0082644628099173,386,121,3.190082644628099,8360,55,152,1755,1216,0.7085557309910655,1209.5458984375,False,end_token,,1,1,0.988466433678884,8,363,12,67
