name,level,cer,wer,loer,map_cer,gt_chars,gt_lines,pred_chars,len_ratio,tokens,passes,tokens_per_pass,T_enc,H_f,W_f,img_h,img_w,latency_s,peak_mem_MiB,truncated,stop_reason,failure,n_page_open,n_page_close,mean_top1_conf,forced_restarts,edit_chars,nb_chars,edit_words,nb_words
test_0.jpeg,double_page,0.5983690112130479,0.6304347826086957,0.3548387096774194,0.5833333333333334,981,42,404,0.41182466870540263,423,424,0.9976415094339622,16555,55,301,1755,2401,1.8418676601722836,1873.86376953125,False,end_token,,3,2,0.9907820292398904,2,587,981,116,184
test_1.jpeg,double_page,0.5664335664335665,0.6264367816091954,0.5384615384615384,0.4,1001,41,445,0.44455544455544455,458,459,0.9978213507625272,16555,55,301,1755,2401,1.996711725834757,1873.86376953125,False,end_token,,3,2,0.9905842813341901,2,567,1001,109,174
test_2.jpeg,double_page,0.45464362850971923,0.559748427672956,0.43478260869565216,0.4444444444444444,926,39,568,0.6133909287257019,580,581,0.9982788296041308,16555,55,301,1755,2401,2.7779144160449505,1873.86376953125,False,end_token,,2,2,0.9910030931748193,1,421,926,89,159
test_3.jpeg,double_page,0.4736275565123789,0.5217391304347826,0.46808510638297873,0.38055555555555554,929,35,504,0.542518837459634,524,525,0.9980952380952381,16555,55,301,1755,2401,2.648942379280925,1873.86376953125,False,end_token,,2,2,0.9921477679874151,1,440,929,84,161
test_4.jpeg,double_page,0.4539249146757679,0.5548387096774193,0.4,0.45714285714285713,879,34,560,0.6370875995449374,586,587,0.9982964224872232,16555,55,301,1755,2401,2.9128309418447316,1873.86376953125,False,end_token,,2,2,0.9921950148641046,1,399,879,86,155
test_5.jpeg,double_page,0.5290519877675841,0.6071428571428571,0.25,0.6363636363636364,981,40,481,0.49031600407747195,499,500,0.998,16555,55,301,1755,2401,2.4877842497080564,1873.86376953125,False,end_token,,2,2,0.9921454875645991,1,519,981,102,168
test_6.jpeg,double_page,0.47114375655823715,0.5824175824175825,0.7142857142857143,0.49545454545454554,953,39,572,0.6002098635886673,599,600,0.9983333333333333,16445,55,299,1755,2385,3.407833195757121,1866.1513671875,False,end_token,,3,2,0.9882532345234257,2,449,953,106,182
test_7.jpeg,double_page,0.5158227848101266,0.6042780748663101,0.36363636363636365,0.588235294117647,948,38,473,0.4989451476793249,498,499,0.9979959919839679,16445,55,299,1755,2385,2.470471648965031,1865.5068359375,False,end_token,,3,2,0.9876923333688916,2,489,948,113,187
test_8.jpeg,double_page,0.4879120879120879,0.5497076023391813,0.5357142857142857,0.36363636363636365,910,38,488,0.5362637362637362,500,501,0.998003992015968,16445,55,299,1755,2385,2.3028067308478057,1865.5068359375,False,end_token,,2,2,0.991720499843359,1,444,910,94,171
test_9.jpeg,double_page,0.5061590145576708,0.6091954022988506,0.6363636363636364,0.4153846153846154,893,40,507,0.5677491601343785,528,529,0.998109640831758,16445,55,299,1755,2385,2.372327156830579,1865.5068359375,False,end_token,,3,2,0.9919220641481178,2,452,893,106,174
test_10.jpeg,double_page,0.5250501002004008,0.5722222222222222,0.2857142857142857,0.6272727272727273,998,41,483,0.48396793587174347,502,503,0.9980119284294234,16445,55,299,1755,2385,2.290758146904409,1865.5068359375,False,end_token,,3,2,0.9867025617346821,2,524,998,103,180
test_11.jpeg,double_page,0.4948132780082988,0.5810055865921788,0.6071428571428571,0.36363636363636365,964,40,506,0.524896265560166,520,521,0.9980806142034548,16445,55,299,1755,2385,2.6501520201563835,1865.5068359375,False,end_token,,4,2,0.9862393003243732,3,477,964,104,179
test_12.jpeg,double_page,0.42464246424642466,0.5393939393939394,0.34545454545454546,0.49523809523809514,909,34,606,0.6666666666666666,634,635,0.9984251968503937,16445,55,299,1755,2385,3.06219039298594,1865.5068359375,False,end_token,,2,2,0.9904429188662147,1,386,909,89,165
test_13.jpeg,double_page,0.4544468546637744,0.5847953216374269,0.36538461538461536,0.465,922,35,607,0.658351409978308,633,634,0.998422712933754,16445,55,299,1755,2385,3.197416380047798,1865.5068359375,False,end_token,,2,2,0.9945192828562588,1,419,922,100,171
test_14.jpeg,double_page,0.5402985074626866,0.5869565217391305,0.4,0.5,1005,42,474,0.4716417910447761,487,488,0.9979508196721312,16445,55,299,1755,2385,2.478262939956039,1865.5068359375,False,end_token,,3,2,0.9897274280108466,2,543,1005,108,184
test_15.jpeg,double_page,0.5155746509129968,0.6121212121212121,0.4,0.5,931,43,474,0.5091299677765844,487,488,0.9979508196721312,16280,55,296,1755,2361,2.9306971253827214,1853.9384765625,False,end_token,,3,2,0.9913415444949816,2,480,931,101,165
test_16.jpeg,double_page,0.5383795309168443,0.6091954022988506,0.4411764705882353,0.5846153846153846,938,43,450,0.47974413646055436,475,476,0.9978991596638656,16280,55,296,1755,2361,2.454189671203494,1853.13232421875,False,end_token,,7,2,0.9778184600969924,6,505,938,106,174
test_17.jpeg,double_page,0.5065326633165829,0.5535714285714286,0.19444444444444445,0.7142857142857143,995,44,498,0.5005025125628141,522,523,0.9980879541108987,16280,55,296,1755,2361,2.600820860825479,1853.13232421875,False,end_token,,2,2,0.9916132375369584,1,504,995,93,168
test_18.jpeg,double_page,0.5177304964539007,0.5810055865921788,0.25,0.6272727272727273,987,40,490,0.49645390070921985,508,509,0.9980353634577603,16280,55,296,1755,2361,2.4492562557570636,1853.13232421875,False,end_token,,2,2,0.9888505300316285,1,511,987,104,179
test_19.jpeg,double_page,0.5207852193995381,0.5370370370370371,0.4090909090909091,0.42549019607843136,866,36,419,0.4838337182448037,441,442,0.997737556561086,16280,55,296,1755,2361,2.0705079841427505,1853.13232421875,False,end_token,,2,2,0.992783813587392,1,451,866,87,162
test_20.jpeg,double_page,0.4022857142857143,0.56875,0.38461538461538464,0.5333333333333333,875,38,604,0.6902857142857143,624,625,0.9984,16280,55,296,1755,2361,2.7275155540555716,1853.13232421875,False,end_token,,2,2,0.9915060566212887,1,352,875,91,160
test_21.jpeg,double_page,0.5430167597765363,0.536144578313253,0.5357142857142857,0.36363636363636365,895,39,416,0.464804469273743,428,429,0.9976689976689976,16280,55,296,1755,2361,2.2215431132353842,1853.13232421875,False,end_token,,2,2,0.9861685032042388,1,486,895,89,166
test_22.jpeg,double_page,0.5257836198179979,0.5526315789473685,0.4166666666666667,0.5,989,40,478,0.4833164812942366,496,497,0.9979879275653923,16280,55,296,1755,2361,2.539397468790412,1853.13232421875,False,end_token,,2,2,0.9928785341401254,1,520,989,105,190
test_23.jpeg,double_page,0.4609756097560976,0.5,0.6153846153846154,0.33999999999999997,820,34,455,0.5548780487804879,474,475,0.9978947368421053,16280,55,296,1755,2361,2.509481009095907,1853.13232421875,False,end_token,,3,2,0.9889752245527784,2,378,820,78,156
